,Click_Image,Read_Reviews,Category_View,Read_Details,Video_View,Add_to_List,Compare_Products,View_Similar,Save_for_Later,Personalized,Buy
27673,0,1,1,0,1,1,1,1,1,1,1
27674,0,0,1,0,1,0,1,0,0,0,0
27675,1,0,1,1,0,1,0,1,1,1,1
27676,1,1,1,0,1,0,0,0,1,1,0
27677,1,1,1,1,0,0,0,1,0,1,1
27678,0,1,0,1,1,1,0,0,0,0,0
27679,0,0,1,0,1,1,1,1,1,0,1
27680,1,1,1,0,1,0,1,1,0,1,1
27681,1,1,0,1,1,1,1,0,1,1,1
27682,1,0,1,1,0,0,1,1,0,1,1
27683,0,0,0,1,1,1,0,1,1,0,1
27684,1,1,0,0,0,1,0,0,0,1,0
27685,1,1,1,0,0,1,1,0,1,0,1
27686,1,0,1,1,1,0,0,1,0,1,0
27687,1,1,0,0,0,0,1,1,1,0,1
27688,1,0,0,0,1,0,0,1,1,1,1
27689,1,1,0,1,1,1,0,0,0,0,1
27690,0,0,1,1,0,1,0,1,0,1,0
27691,1,0,0,0,1,1,1,1,1,1,1
27692,0,0,1,1,1,0,1,0,0,0,1
27693,0,0,0,1,0,0,0,0,0,0,0
27694,1,0,0,0,0,1,0,1,0,0,0
27695,1,1,0,0,0,1,0,1,0,1,0
27696,0,1,1,1,1,0,1,1,0,1,1
27697,1,1,0,0,1,1,0,0,0,1,0
27698,0,0,1,0,1,1,0,1,1,1,1
27699,0,0,1,1,1,0,0,1,1,1,0
27700,0,1,1,1,1,1,1,1,0,1,1
27701,0,1,0,0,1,0,0,0,0,1,0
27702,1,1,0,0,1,1,1,0,1,1,1
27703,1,0,1,0,1,0,0,1,1,1,1
27704,0,1,0,1,1,0,0,1,0,1,0
27705,0,0,1,1,0,0,0,0,1,1,0
27706,1,0,1,1,1,1,1,1,1,1,0
27707,1,0,1,1,1,0,0,1,1,0,1
27708,1,1,0,0,1,0,1,0,1,1,1
27709,1,1,1,1,0,0,0,1,1,1,0
27710,1,0,1,1,0,0,0,1,1,1,0
27711,1,1,1,0,1,0,0,0,0,1,1
27712,0,1,0,0,1,0,1,0,0,0,0
27713,0,0,0,0,1,1,0,0,0,0,0
27714,0,1,0,1,0,0,0,0,0,0,0
27715,1,0,0,1,1,0,1,0,1,1,1
27716,0,1,1,1,0,1,1,0,1,0,0
27717,1,1,0,1,0,0,0,1,0,0,1
27718,0,0,1,1,1,0,0,1,1,0,0
27719,0,1,0,1,0,1,1,1,0,1,1
27720,0,0,1,1,0,1,0,1,1,1,0
27721,1,1,0,0,1,0,0,1,1,1,1
27722,0,0,0,0,1,0,0,0,0,1,0
27723,0,1,0,1,1,1,1,0,1,1,0
27724,0,1,1,0,1,1,1,1,1,1,1
27725,0,1,0,0,1,0,0,0,1,0,0
27726,1,1,0,1,1,0,0,0,1,0,0
27727,1,0,0,0,0,0,1,0,0,1,0
27728,1,0,1,1,0,0,1,1,0,1,1
27729,0,1,0,1,0,0,0,0,1,1,1
27730,1,0,1,1,0,0,0,0,1,1,0
27731,0,1,0,0,0,0,0,0,1,0,0
27732,1,1,0,1,0,1,0,0,1,0,1
27733,1,0,0,0,0,1,1,1,0,1,1
27734,1,1,1,1,1,1,0,1,1,1,1
27735,1,1,1,0,1,1,0,1,0,1,1
27736,0,0,1,1,0,0,0,1,1,1,0
27737,1,1,1,0,0,1,0,1,0,0,1
27738,0,0,0,0,1,1,0,0,0,1,1
27739,0,0,0,0,1,1,1,0,0,1,0
27740,0,0,1,1,0,0,1,0,0,0,0
27741,0,0,0,0,1,1,1,0,0,1,0
27742,1,0,1,1,1,0,0,1,1,0,1
27743,1,0,1,0,0,0,1,1,1,1,1
27744,0,1,1,0,1,0,1,1,1,1,1
27745,1,1,1,1,1,1,0,0,0,1,0
27746,0,1,1,0,1,1,0,1,1,1,1
27747,1,0,1,1,0,1,1,1,1,1,0
27748,1,0,1,0,0,0,1,0,1,0,1
27749,0,1,1,0,0,0,1,1,1,0,1
27750,1,1,1,0,1,0,0,0,1,1,0
27751,0,0,1,0,0,0,0,1,0,1,0
27752,1,1,0,0,0,0,0,0,1,1,1
27753,0,0,0,0,1,0,0,0,0,1,0
27754,1,0,1,0,0,1,1,0,0,0,1
27755,1,1,0,1,0,1,1,1,1,1,1
27756,0,1,1,0,1,0,1,1,1,1,0
27757,1,0,0,0,0,0,1,1,1,1,1
27758,1,1,0,1,0,0,0,0,1,1,1
27759,0,0,0,0,0,1,1,0,1,1,1
27760,0,1,0,0,0,0,1,1,1,1,1
27761,1,0,1,0,1,0,1,1,0,0,1
27762,0,1,0,1,1,0,1,0,0,1,1
27763,1,0,1,1,1,0,0,0,0,1,0
27764,1,0,1,0,0,0,0,0,1,1,0
27765,1,0,1,1,0,0,1,1,0,0,1
27766,0,1,1,1,0,0,0,1,1,0,0
27767,1,0,0,0,1,0,1,0,0,1,1
27768,0,0,0,1,0,0,0,0,0,0,0
27769,1,1,0,0,1,1,0,1,0,0,1
27770,0,0,0,1,1,0,0,1,1,0,0
27771,0,0,1,1,1,0,0,0,0,0,0
27772,1,0,0,1,0,1,0,1,0,1,1
27773,1,1,0,1,0,0,0,0,1,1,0
27774,0,0,0,1,1,0,0,1,1,0,1
27775,1,0,1,1,1,0,1,1,0,1,1
27776,1,1,0,0,1,1,1,0,0,1,1
27777,0,0,0,1,1,1,1,0,0,0,1
27778,1,0,0,0,1,1,1,0,1,0,1
27779,0,0,0,0,1,1,1,0,1,0,1
27780,1,1,1,0,0,1,0,1,1,0,1
27781,1,1,1,0,0,1,1,1,1,0,1
27782,0,1,1,0,1,0,1,1,0,1,0
27783,1,0,1,1,0,1,0,1,1,1,1
27784,1,0,1,1,0,0,1,1,1,1,1
27785,1,0,1,0,0,0,0,1,0,0,0
27786,0,1,0,1,1,1,1,1,1,1,1
27787,1,0,0,0,1,0,0,1,1,0,0
27788,1,1,1,1,1,0,1,1,1,1,1
27789,0,1,0,0,1,1,0,0,0,1,0
27790,1,1,0,1,1,0,1,0,1,1,1
27791,0,1,0,1,0,0,1,1,1,1,1
27792,0,1,1,0,0,1,0,1,1,1,1
27793,1,1,1,0,1,1,0,0,1,1,0
27794,1,0,0,0,1,0,0,0,1,1,0
27795,0,1,1,1,0,0,1,0,0,1,1
27796,1,1,0,1,1,1,1,0,1,0,1
27797,1,0,1,0,0,0,0,1,1,1,1
27798,1,1,1,0,1,0,0,1,1,1,1
27799,0,0,0,1,0,0,1,1,0,0,0
27800,1,1,1,0,1,1,1,0,1,1,1
27801,0,1,1,0,0,0,1,1,0,1,0
27802,0,1,0,1,0,0,0,0,1,0,0
27803,0,0,1,0,0,0,1,1,1,1,0
27804,0,1,0,0,1,0,1,1,1,1,1
27805,1,1,0,1,0,1,0,1,0,1,1
27806,0,1,1,0,1,1,0,0,0,1,1
27807,1,0,0,0,0,1,0,0,0,1,1
27808,1,1,0,0,0,1,0,1,1,1,1
27809,0,0,0,0,0,1,1,1,0,1,0
27810,1,0,1,0,1,0,0,0,1,0,0
27811,1,0,1,1,1,0,0,1,0,0,0
27812,1,1,1,0,0,0,1,1,0,0,1
27813,1,1,0,1,1,0,1,1,1,0,1
27814,0,1,1,0,1,0,1,0,0,1,0
27815,1,1,1,0,1,1,0,1,0,1,1
27816,0,0,1,1,0,0,1,1,0,0,0
27817,1,1,1,0,0,1,1,1,1,1,1
27818,0,1,1,1,0,1,1,1,1,1,0
27819,0,1,1,1,0,1,0,0,1,1,0
27820,0,1,0,1,1,0,0,0,0,1,0
27821,1,1,1,0,0,0,0,0,0,0,1
27822,0,1,0,0,0,0,1,1,1,0,1
27823,0,1,0,0,1,1,1,1,1,0,1
27824,1,0,1,1,0,1,1,1,0,1,1
27825,1,0,0,0,0,1,0,1,1,0,1
27826,1,0,1,0,0,0,1,0,1,1,0
27827,1,0,0,1,1,0,1,1,1,1,0
27828,1,0,1,0,0,0,0,1,1,1,1
27829,1,0,1,0,0,1,1,1,0,1,1
27830,1,0,1,1,0,0,0,1,1,1,0
27831,1,0,0,0,0,1,1,1,0,1,1
27832,0,1,1,0,1,1,1,1,0,0,1
27833,0,1,0,1,0,1,1,0,1,1,1
27834,0,0,1,1,0,1,1,1,1,1,1
27835,1,1,0,0,0,0,0,1,0,0,1
27836,0,1,0,1,1,1,0,0,1,1,1
27837,1,1,1,1,1,0,1,1,0,1,1
27838,1,1,0,0,1,0,0,0,0,1,1
27839,0,0,1,0,1,1,0,1,0,1,1
27840,0,1,0,0,0,1,1,0,1,1,1
27841,0,0,0,0,1,0,0,0,1,0,0
27842,0,0,1,1,1,0,1,0,1,1,1
27843,1,1,1,0,0,0,1,0,0,1,0
27844,1,0,0,1,0,0,1,1,0,0,1
27845,0,0,0,0,0,0,1,0,0,1,0
27846,0,1,1,0,0,1,0,1,1,0,0
27847,1,0,1,0,1,1,0,0,1,0,0
27848,1,0,1,1,0,1,0,0,1,1,1
27849,0,1,1,0,1,0,0,0,0,1,0
27850,0,0,1,1,1,1,0,1,1,0,0
27851,0,1,1,0,1,0,0,0,0,1,0
27852,1,0,1,0,1,1,0,0,1,0,1
27853,0,1,0,0,1,0,1,0,0,0,0
27854,1,0,1,0,1,0,0,1,1,0,1
27855,0,0,1,0,1,0,0,1,1,1,0
27856,0,1,0,1,0,0,1,0,0,0,1
27857,0,1,1,1,0,0,0,1,1,0,0
27858,0,0,0,1,1,0,0,1,1,1,0
27859,0,1,1,0,0,0,1,1,0,1,1
27860,1,0,1,1,1,0,1,0,1,0,1
27861,1,1,0,1,0,1,0,1,1,0,1
27862,1,0,0,0,0,1,0,0,1,1,1
27863,1,0,1,1,0,0,0,0,0,1,0
27864,0,1,1,0,1,0,0,0,1,0,0
27865,0,1,1,0,0,1,1,0,1,1,0
27866,0,1,1,0,0,1,1,1,0,1,1
27867,0,0,1,1,1,1,0,0,0,1,0
27868,1,1,1,1,1,0,1,0,0,1,0
27869,1,0,0,0,1,1,0,0,0,0,1
27870,0,0,1,0,1,1,1,0,1,1,0
27871,1,0,1,1,1,0,1,0,1,1,0
27872,0,0,1,1,0,0,1,0,0,0,0
27873,1,0,0,0,0,1,1,1,1,1,0
27874,0,1,1,0,1,0,0,0,0,0,0
27875,0,1,1,0,1,1,0,1,1,1,0
27876,1,1,0,0,0,0,1,0,0,1,0
27877,0,1,1,1,1,0,1,1,1,0,1
27878,1,1,1,1,0,1,1,0,0,1,1
27879,1,0,0,0,1,1,1,0,0,1,1
27880,1,1,1,0,0,1,0,1,0,0,0
27881,0,1,0,0,0,1,0,1,1,1,0
27882,1,0,0,0,0,1,1,0,1,0,1
27883,1,1,0,0,0,1,0,1,1,1,1
27884,1,1,0,0,0,1,1,1,1,0,1
27885,1,0,0,0,1,0,1,1,0,0,0
27886,1,0,1,0,1,0,0,0,1,1,0
27887,0,1,1,1,0,0,0,0,1,0,0
27888,1,0,1,0,1,1,1,0,0,0,1
27889,1,1,1,1,0,0,1,1,0,0,0
27890,0,0,1,1,1,1,1,1,1,0,1
27891,0,1,1,1,1,1,1,1,1,0,0
27892,0,0,1,1,0,1,0,0,1,1,0
27893,0,0,0,1,0,0,1,1,1,1,0
27894,1,0,0,0,1,1,1,1,0,1,1
27895,1,1,1,1,0,1,0,0,0,1,0
27896,1,1,0,0,1,1,1,1,0,1,1
27897,1,1,1,0,1,1,0,1,0,1,1
27898,0,1,0,1,0,0,1,1,1,0,1
27899,1,0,0,0,1,0,0,1,0,1,0
27900,1,1,0,0,0,1,1,1,1,0,1
27901,1,0,0,0,0,1,0,1,1,0,0
27902,1,1,0,0,1,1,0,0,1,1,1
27903,0,1,0,1,0,0,1,0,0,1,0
27904,1,0,1,0,1,1,1,0,1,0,1
27905,0,1,0,1,0,1,1,1,0,0,1
27906,1,1,0,1,1,0,1,0,0,1,0
27907,0,1,0,0,0,1,1,0,0,1,0
27908,0,0,0,0,0,1,1,1,1,1,0
27909,0,0,1,0,1,0,0,1,0,1,0
27910,1,0,1,1,0,1,1,0,0,1,1
27911,1,1,1,1,1,0,1,0,1,0,1
27912,0,1,1,0,1,0,1,0,1,0,1
27913,0,0,0,0,0,1,0,1,1,1,1
27914,1,1,0,0,0,1,1,1,1,1,1
27915,0,0,1,1,1,1,0,1,0,0,0
27916,0,1,1,1,1,0,1,0,1,0,0
27917,1,0,1,1,0,1,0,0,0,1,0
27918,0,1,0,1,0,1,1,1,0,0,1
27919,0,0,0,1,1,0,1,0,0,0,0
27920,1,1,1,1,1,1,0,1,1,1,0
27921,0,0,0,0,1,1,1,0,0,1,0
27922,1,0,1,1,1,1,1,1,0,0,0
27923,1,1,0,0,1,1,1,1,1,0,1
27924,1,0,1,0,0,1,1,1,0,0,0
27925,1,1,0,0,0,0,0,0,1,0,1
27926,1,1,0,1,1,1,1,0,0,1,1
27927,1,1,1,1,0,1,1,1,0,0,1
27928,1,0,0,1,1,1,1,0,1,1,0
27929,0,0,1,1,1,1,0,0,0,0,0
27930,0,0,1,1,0,1,0,0,1,1,0
27931,0,1,1,0,0,0,1,0,1,1,0
27932,0,0,0,1,0,1,1,0,0,0,1
27933,1,0,0,0,1,0,1,0,1,0,1
27934,1,1,1,0,0,1,1,1,0,0,1
27935,0,1,1,1,0,1,0,0,0,1,1
27936,0,0,0,0,0,1,1,0,1,1,1
27937,0,0,1,0,0,0,0,0,0,1,0
27938,0,0,1,0,1,1,1,0,1,0,0
27939,0,0,0,0,1,0,1,0,1,0,1
27940,1,1,1,0,0,0,1,1,0,1,1
27941,0,1,1,0,1,1,0,1,0,0,1
27942,1,1,1,1,1,1,0,0,0,1,0
27943,0,0,1,0,0,1,1,0,0,0,0
27944,1,1,0,0,1,0,0,0,0,1,1
27945,0,0,1,1,0,0,0,0,0,1,0
27946,1,0,1,1,1,1,0,0,0,1,0
27947,0,1,0,1,1,1,1,1,0,1,1
27948,1,1,0,0,0,0,1,0,1,1,1
27949,1,0,0,1,0,1,1,0,0,1,1
27950,1,0,1,1,0,0,0,1,0,1,0
27951,0,0,0,0,0,0,0,0,0,0,0
27952,1,1,1,1,1,1,1,1,0,0,1
27953,1,0,1,1,0,0,1,0,0,0,1
27954,0,1,1,1,1,1,0,0,0,0,1
27955,1,1,1,0,0,0,1,0,0,1,1
27956,0,0,1,1,0,1,1,1,0,0,1
27957,1,1,1,1,1,1,1,0,1,1,1
27958,1,0,1,0,1,1,1,1,1,1,0
27959,1,0,0,1,1,0,1,1,1,0,1
27960,1,1,1,1,0,1,1,0,0,1,1
27961,1,1,0,1,0,0,0,1,1,1,1
27962,0,0,0,1,1,0,1,1,1,0,0
27963,0,0,0,1,1,0,1,1,0,1,1
27964,0,0,1,1,1,1,1,0,0,0,0
27965,1,1,1,1,0,1,1,1,1,1,1
27966,1,1,0,0,0,0,1,0,0,0,1
27967,1,0,1,1,1,1,1,0,1,1,1
27968,1,0,0,1,1,0,1,1,0,1,0
27969,0,1,0,0,1,1,1,0,1,0,0
27970,1,0,1,1,1,1,0,0,1,1,0
27971,0,1,0,0,1,0,1,0,1,0,0
27972,1,1,0,0,0,0,1,1,0,1,1
27973,1,0,0,0,1,0,1,1,0,1,1
27974,1,1,0,0,0,0,1,1,0,1,1
27975,1,1,0,0,1,1,1,0,1,1,1
27976,1,0,1,0,1,0,1,1,1,0,1
27977,1,0,1,1,0,1,1,1,1,1,0
27978,0,1,0,0,1,1,1,0,1,1,1
27979,0,1,1,1,1,1,0,1,1,0,1
27980,0,1,0,1,1,0,0,1,1,1,1
27981,0,0,0,0,1,0,0,1,0,1,1
27982,1,1,0,1,0,1,0,0,1,1,0
27983,1,0,1,0,0,1,0,1,1,0,1
27984,0,0,1,1,0,0,0,1,0,1,0
27985,0,0,0,1,1,0,1,0,1,0,0
27986,1,1,1,0,0,1,0,1,1,1,1
27987,0,0,0,1,0,0,1,1,1,0,0
27988,1,0,0,0,1,0,1,1,1,0,1
27989,0,1,1,0,1,0,1,1,0,0,0
27990,0,1,0,1,1,0,0,0,0,1,0
27991,0,0,1,0,0,1,1,0,1,0,1
27992,1,1,1,1,0,1,0,1,0,1,0
27993,0,0,0,1,1,0,0,0,0,1,0
27994,0,0,0,1,1,0,0,0,1,1,0
27995,1,0,1,1,0,1,0,0,1,0,1
27996,1,0,0,1,1,1,1,0,1,1,1
27997,0,1,0,0,1,1,1,0,1,0,0
27998,1,0,1,1,0,0,1,0,0,1,0
27999,0,0,1,1,1,0,0,1,0,1,0
28000,1,1,0,0,1,1,0,1,0,0,1
28001,1,0,1,0,1,1,1,0,1,0,1
28002,0,1,1,1,1,0,0,0,1,1,0
28003,0,0,0,0,1,0,0,0,1,0,0
28004,1,0,1,1,0,0,0,0,0,1,0
28005,1,1,0,0,1,0,1,1,0,1,1
28006,0,0,1,0,1,1,1,0,1,1,0
28007,1,1,1,0,1,0,1,1,1,1,1
28008,0,1,0,0,1,1,1,0,1,0,1
28009,0,1,1,0,0,1,0,1,0,0,0
28010,1,1,0,0,1,1,0,0,1,1,0
28011,0,0,0,0,1,0,1,0,0,1,1
28012,1,0,0,1,0,1,0,0,0,1,0
28013,1,0,1,1,0,1,0,0,0,1,0
28014,1,0,1,1,1,1,1,0,1,1,0
28015,1,1,1,1,0,0,0,1,1,1,1
28016,1,0,0,1,1,1,0,0,0,0,0
28017,0,1,0,1,0,1,1,0,1,1,1
28018,0,1,1,0,1,0,1,1,1,0,1
28019,0,0,0,1,1,0,1,1,0,0,1
28020,1,1,1,1,1,1,0,0,0,1,1
28021,1,1,1,1,0,0,0,0,1,0,1
28022,1,0,0,0,1,1,0,0,0,1,0
28023,1,1,0,1,1,1,0,0,0,0,1
28024,1,0,0,1,1,1,0,0,1,1,0
28025,0,0,0,1,0,0,1,1,1,0,1
28026,0,1,0,0,0,1,0,0,0,1,1
28027,1,1,0,0,0,0,0,0,1,1,0
28028,1,0,1,0,1,0,1,0,0,0,1
28029,0,0,0,1,1,1,0,1,0,1,0
28030,1,1,1,0,0,1,0,1,1,0,1
28031,0,1,0,0,1,1,0,1,0,0,1
28032,1,0,0,1,0,1,0,0,1,0,1
28033,0,0,1,1,1,0,1,0,0,0,1
28034,0,0,0,1,0,1,0,0,1,1,0
28035,0,1,1,0,0,0,1,1,1,1,0
28036,0,1,1,1,0,0,1,1,0,1,1
28037,1,0,0,0,1,0,1,0,0,1,1
28038,1,1,0,1,1,0,1,0,1,0,1
28039,1,1,0,1,0,1,0,0,0,1,0
28040,0,1,1,0,0,0,1,1,1,0,1
28041,1,0,1,0,0,0,0,0,1,0,0
28042,1,1,1,1,0,0,0,1,0,1,0
28043,0,0,0,0,0,1,1,1,1,0,1
28044,0,1,0,1,1,1,0,0,1,0,1
28045,1,0,0,0,1,1,0,1,0,0,1
28046,1,0,0,0,0,0,1,0,0,1,0
28047,0,0,0,1,0,0,0,0,0,1,0
28048,1,0,1,0,0,1,0,0,0,1,0
28049,0,1,0,0,1,1,1,0,0,1,1
28050,1,0,1,0,1,0,0,1,1,1,0
28051,0,0,1,1,1,1,0,0,1,0,0
28052,0,0,0,0,1,0,1,1,0,1,1
28053,1,0,0,1,1,0,1,1,0,1,1
28054,1,0,1,0,1,0,0,1,1,1,0
28055,0,0,1,0,1,0,0,0,0,1,0
28056,1,1,0,0,1,0,1,1,1,0,0
28057,1,0,1,1,0,0,1,1,1,0,0
28058,1,0,0,0,1,0,0,1,0,0,0
28059,1,1,0,0,0,0,0,1,1,1,1
28060,1,0,1,1,1,0,1,1,0,0,1
28061,1,1,1,1,0,1,0,0,0,0,1
28062,0,0,1,1,1,0,0,1,0,0,1
28063,0,1,0,1,0,0,1,0,1,1,1
28064,1,1,0,0,1,0,0,0,0,0,1
28065,0,1,1,1,1,0,0,0,0,1,0
28066,0,1,1,0,1,0,0,0,0,1,0
28067,0,1,1,1,1,0,0,0,0,0,0
28068,0,1,0,0,1,0,0,1,1,1,0
28069,1,1,1,1,0,1,1,1,1,1,1
28070,0,1,1,1,0,0,1,0,0,0,0
28071,1,0,0,0,0,0,1,1,0,0,1
28072,1,0,0,0,0,1,1,0,0,0,0
28073,0,1,0,0,1,1,0,0,0,0,0
28074,0,0,0,0,1,0,0,1,1,1,0
28075,0,1,0,1,1,1,1,0,0,1,0
28076,1,0,1,1,1,0,0,0,1,1,0
28077,1,1,1,0,1,1,1,0,0,1,1
28078,0,1,0,0,1,0,1,1,0,1,1
28079,1,0,1,1,0,0,1,0,0,0,0
28080,0,1,0,1,0,0,0,1,0,1,1
28081,0,0,1,0,0,1,1,0,1,1,1
28082,0,0,0,0,1,1,0,1,0,1,1
28083,0,1,1,1,0,0,0,1,0,1,1
28084,1,0,1,0,1,1,0,1,1,1,0
28085,0,0,1,0,1,1,1,1,1,0,0
28086,0,0,0,0,1,1,0,1,0,0,1
28087,1,1,0,1,1,1,1,0,0,0,1
28088,1,0,0,0,0,1,1,0,1,0,1
28089,1,0,0,0,1,1,1,1,1,1,1
28090,0,1,0,1,1,1,1,0,0,1,1
28091,1,0,0,1,1,0,1,0,0,1,0
28092,1,0,0,1,0,1,1,0,1,1,0
28093,0,1,0,0,1,1,1,0,0,0,1
28094,0,1,0,0,0,1,1,1,0,1,1
28095,0,1,1,0,0,1,1,0,1,0,0
28096,0,1,1,1,0,0,1,1,0,1,1
28097,1,1,0,0,0,0,0,0,1,0,0
28098,1,1,1,0,0,1,0,0,1,1,1
28099,1,1,0,0,1,0,1,1,0,1,1
28100,1,0,1,0,0,1,1,1,1,0,1
28101,1,0,1,1,0,0,1,0,0,0,0
28102,0,0,1,0,0,0,0,1,1,0,1
28103,1,0,0,0,0,0,1,1,0,1,1
28104,1,0,1,0,1,0,1,0,0,1,1
28105,0,0,0,0,1,1,1,1,1,0,1
28106,1,0,1,0,1,1,0,0,1,1,0
28107,1,0,0,0,0,0,0,1,1,0,0
28108,0,1,0,1,1,1,0,1,0,0,1
28109,1,0,1,1,0,0,1,0,0,1,0
28110,0,0,0,1,1,0,0,0,1,0,0
28111,0,1,1,0,0,0,0,1,1,0,0
28112,0,1,0,1,1,0,1,1,0,1,0
28113,0,0,0,1,1,1,1,0,0,0,0
28114,1,0,0,0,0,1,0,0,1,0,0
28115,0,0,1,1,0,1,0,1,1,0,0
28116,1,1,0,1,1,1,0,0,0,1,1
28117,0,1,1,1,0,0,0,0,0,0,0
28118,0,1,1,1,0,0,0,0,1,0,0
28119,0,0,1,1,1,0,0,0,1,0,0
28120,0,0,1,1,1,0,1,1,1,1,1
28121,0,0,1,1,1,1,0,0,0,1,0
28122,0,1,0,0,0,0,1,1,1,0,1
28123,0,1,1,1,0,1,1,0,0,0,1
28124,1,1,0,0,0,0,0,0,0,1,1
28125,1,1,0,0,0,0,1,0,0,1,1
28126,1,0,0,1,1,1,0,0,0,0,0
28127,1,1,0,0,0,1,1,0,0,0,1
28128,1,0,1,1,1,1,1,1,0,0,1
28129,0,1,1,0,1,0,0,0,1,0,0
28130,1,1,1,0,0,1,1,0,0,1,0
28131,1,0,1,0,1,1,0,0,0,0,0
28132,0,0,0,0,0,0,0,1,1,0,0
28133,0,0,0,0,1,1,1,1,1,0,1
28134,0,1,1,1,1,0,1,0,1,0,0
28135,0,1,1,0,1,0,1,1,0,0,1
28136,0,0,0,0,0,0,1,0,1,0,0
28137,1,0,0,0,1,0,1,1,0,0,0
28138,0,1,1,0,0,1,1,0,0,0,1
28139,0,0,1,0,1,0,1,1,0,0,0
28140,1,1,0,1,0,0,0,1,0,0,1
28141,0,1,0,1,0,0,1,1,1,1,1
28142,0,0,1,1,0,0,0,1,0,0,0
28143,0,1,0,1,0,0,1,0,1,0,0
28144,1,0,0,1,0,0,0,1,0,0,1
28145,1,1,1,1,0,0,1,0,0,0,1
28146,0,1,0,0,1,1,1,1,0,1,1
28147,1,1,0,1,1,1,1,0,1,0,1
28148,1,0,0,1,0,1,0,1,0,1,1
28149,0,0,0,1,1,1,0,0,0,1,1
28150,1,1,1,0,1,1,1,1,0,0,1
28151,1,0,0,1,0,1,1,1,1,1,1
28152,1,1,1,0,1,0,0,0,0,0,0
28153,0,0,1,0,0,0,1,1,0,0,1
28154,0,0,0,0,0,1,1,1,0,1,0
28155,1,1,0,0,1,0,0,1,0,0,1
28156,0,0,1,0,0,0,1,1,1,1,0
28157,0,1,0,1,1,1,0,0,1,0,1
28158,0,1,0,0,0,0,0,0,1,0,1
28159,0,0,0,1,0,0,0,1,0,0,1
28160,0,0,0,0,1,1,0,1,0,1,1
28161,1,0,1,1,1,0,1,1,0,0,0
28162,0,0,0,1,0,0,1,0,1,0,1
28163,0,0,0,0,0,0,1,0,0,1,0
28164,1,1,0,1,0,0,1,0,1,0,1
28165,1,1,1,1,0,0,0,0,1,1,1
28166,0,0,0,1,0,0,0,0,1,0,0
28167,0,0,0,1,0,0,0,0,0,1,0
28168,0,1,0,0,0,0,0,0,1,1,0
28169,1,0,1,0,0,1,0,1,1,0,0
28170,1,1,1,0,1,0,1,0,1,0,0
28171,0,0,1,1,0,0,1,1,1,0,0
28172,1,1,0,1,1,0,1,1,0,0,0
28173,1,1,0,0,1,0,1,0,0,0,1
28174,1,1,1,1,1,0,0,1,0,0,1
28175,0,1,1,0,0,1,0,0,0,0,0
28176,1,0,0,0,0,1,0,0,0,1,1
28177,1,0,1,1,1,0,0,0,1,1,1
28178,0,1,1,0,1,0,1,0,0,1,1
28179,1,0,1,1,1,1,0,0,0,1,0
28180,0,1,0,0,1,0,0,0,1,1,0
28181,1,1,0,1,0,1,0,1,1,0,1
28182,0,1,1,1,1,1,0,1,0,0,1
28183,1,0,0,1,1,1,1,1,1,1,1
28184,0,0,1,1,1,1,0,0,1,1,0
28185,0,0,1,0,0,0,1,1,0,0,1
28186,1,1,1,1,1,1,1,1,1,1,1
28187,0,1,1,1,0,1,0,1,0,1,1
28188,0,1,0,0,0,1,1,1,0,0,1
28189,1,1,1,0,0,1,1,0,0,0,1
28190,1,1,0,0,1,0,0,1,0,0,1
28191,0,1,1,1,1,1,0,1,0,0,1
28192,0,0,1,0,1,1,1,0,0,0,1
28193,1,0,1,0,0,1,1,0,1,0,1
28194,1,0,0,1,0,0,1,0,0,0,0
28195,1,0,1,1,1,1,1,0,1,1,0
28196,0,0,1,0,0,1,1,0,1,1,0
28197,1,1,0,1,1,0,1,0,0,0,1
28198,1,1,1,1,0,1,1,0,0,1,0
28199,1,0,0,1,0,0,0,0,1,1,0
28200,0,1,1,1,1,0,0,1,0,1,1
28201,0,1,0,0,0,0,0,1,1,0,1
28202,0,1,0,0,1,0,0,0,1,1,0
28203,1,1,1,1,1,0,1,0,1,1,1
28204,1,1,1,0,1,1,1,1,1,1,1
28205,1,0,1,0,0,1,1,1,0,1,1
28206,0,1,0,1,1,0,0,1,0,0,0
28207,0,1,0,1,1,0,0,1,0,1,0
28208,0,1,0,0,0,0,1,1,1,1,0
28209,1,1,0,1,0,1,1,1,1,0,1
28210,1,0,0,0,0,0,1,1,0,1,0
28211,0,0,0,0,1,0,0,0,1,0,0
28212,1,1,1,1,1,0,0,0,0,1,1
28213,1,1,1,0,1,1,0,1,0,1,1
28214,0,1,0,1,0,0,1,0,1,0,0
28215,0,1,0,1,0,1,1,1,1,1,1
28216,0,1,0,0,0,0,1,0,0,0,1
28217,0,1,0,1,0,0,0,0,1,0,0
28218,0,1,0,1,1,0,0,0,1,1,1
28219,0,0,0,0,0,1,0,0,0,1,0
28220,1,0,0,0,0,0,1,1,0,0,0
28221,0,0,0,1,1,0,1,1,1,0,0
28222,0,1,1,1,0,1,1,0,1,1,0
28223,1,0,1,0,0,0,0,0,0,1,0
28224,1,0,1,1,1,1,1,1,1,0,1
28225,1,0,0,1,1,1,0,1,0,0,0
28226,1,0,1,0,1,1,1,1,1,1,1
28227,0,1,0,0,0,0,0,1,0,0,0
28228,0,1,0,1,1,1,1,0,0,0,1
28229,1,1,1,1,0,0,0,1,0,0,1
28230,1,0,0,0,0,1,1,1,0,0,0
28231,0,0,0,1,0,0,0,1,1,0,0
28232,0,1,0,1,0,1,1,1,0,1,1
28233,1,0,1,1,0,0,0,0,1,0,0
28234,0,0,0,1,0,1,0,0,1,1,0
28235,1,0,0,0,0,1,1,0,0,0,0
28236,1,0,1,0,1,0,0,0,1,1,1
28237,1,1,1,1,0,1,0,1,0,0,0
28238,1,1,1,0,1,1,1,1,0,1,1
28239,1,1,1,1,1,1,0,1,0,0,1
28240,1,0,1,0,0,0,1,0,1,0,1
28241,0,0,1,1,1,1,1,1,1,0,0
28242,0,0,1,1,1,0,1,0,0,1,0
28243,1,1,0,1,0,1,1,0,0,1,1
28244,1,1,1,0,0,1,0,1,1,1,1
28245,0,0,0,1,0,0,0,0,1,0,0
28246,0,1,0,0,1,0,0,0,1,0,1
28247,0,1,1,1,0,1,1,1,1,1,1
28248,1,1,0,1,0,0,0,1,0,1,0
28249,0,0,0,1,0,0,0,1,0,0,0
28250,0,1,1,0,0,1,0,1,1,1,1
28251,1,0,1,1,0,1,1,0,1,1,0
28252,0,1,0,1,0,1,0,1,0,0,1
28253,0,0,0,1,0,0,1,1,0,0,1
28254,1,1,1,1,0,0,0,0,1,1,0
28255,1,0,1,0,1,1,1,0,1,1,1
28256,1,1,0,1,0,1,0,0,1,1,1
28257,0,1,1,0,0,1,1,0,1,0,0
28258,1,1,0,0,0,1,0,1,1,1,0
28259,0,0,1,0,0,1,1,1,0,0,0
28260,1,0,0,0,1,0,0,0,0,0,1
28261,0,0,0,1,1,0,0,1,1,1,1
28262,1,0,1,1,1,0,0,1,1,1,0
28263,0,1,1,0,1,1,1,1,0,1,1
28264,0,1,0,1,0,0,0,0,1,1,0
28265,1,0,0,0,0,0,1,0,1,0,0
28266,1,0,0,1,0,1,0,0,1,1,1
28267,1,0,1,1,0,0,1,0,0,1,1
28268,1,0,1,0,0,1,0,1,0,1,1
28269,1,1,0,1,1,0,1,1,1,1,1
28270,1,1,0,0,0,1,0,0,0,0,1
28271,0,1,1,1,0,0,0,1,1,1,1
28272,1,0,0,0,0,1,1,0,0,0,1
28273,1,0,0,1,0,1,0,1,1,0,0
28274,1,1,1,0,1,0,1,0,0,0,0
28275,0,0,0,1,1,1,0,0,0,1,1
28276,0,1,0,0,1,0,0,0,0,1,0
28277,0,0,1,0,0,1,0,1,0,0,0
28278,1,1,0,1,0,1,1,1,1,1,1
28279,0,1,0,1,1,1,0,1,0,0,0
28280,0,1,0,1,1,1,0,0,1,1,1
28281,0,0,0,1,0,1,0,1,0,0,1
28282,0,0,0,0,1,1,0,0,1,0,0
28283,0,1,0,0,0,1,1,0,0,0,0
28284,1,0,0,0,1,0,0,1,1,0,1
28285,1,1,1,1,1,0,1,0,1,1,1
28286,0,1,0,0,1,1,0,1,1,0,1
28287,0,1,1,0,1,0,0,0,1,0,0
28288,0,1,1,1,0,0,1,0,0,1,0
28289,1,0,1,1,1,0,0,0,1,0,1
28290,1,1,1,1,1,0,1,1,0,0,0
28291,1,1,0,0,0,0,1,1,1,0,1
28292,1,1,1,1,1,0,0,1,1,0,1
28293,1,1,1,1,0,0,1,1,1,1,1
28294,0,0,0,0,0,1,1,0,0,0,0
28295,0,0,0,0,0,1,0,1,0,0,1
28296,1,0,0,1,0,1,1,0,1,0,1
28297,1,0,1,1,0,1,0,1,1,1,0
28298,1,0,0,0,0,1,1,1,0,1,0
28299,1,1,1,0,1,0,0,1,1,0,1
28300,0,1,1,1,1,1,1,0,0,1,1
28301,1,1,1,1,1,0,1,0,0,1,1
28302,0,1,0,1,1,0,0,0,0,0,0
28303,0,1,0,0,0,0,1,0,1,1,0
28304,1,1,1,1,1,0,0,1,1,1,1
28305,1,1,0,1,1,0,1,0,0,1,0
28306,0,0,0,1,1,1,1,0,1,1,0
28307,1,1,0,0,1,0,1,1,1,0,1
28308,1,1,1,0,1,0,0,1,1,0,0
28309,0,1,1,1,1,0,0,0,0,1,0
28310,0,0,0,1,0,0,0,0,0,0,0
28311,0,0,0,0,0,1,0,1,1,0,0
28312,0,0,1,0,0,1,1,1,0,1,1
28313,0,0,1,1,0,0,0,0,0,0,0
28314,0,1,0,0,1,1,0,1,0,0,1
28315,0,1,0,0,0,0,1,1,0,1,0
28316,1,1,1,1,1,0,0,0,0,1,1
28317,0,0,1,1,1,1,1,0,1,0,1
28318,0,1,1,1,1,0,1,1,0,0,1
28319,1,1,1,1,1,0,1,0,0,0,1
28320,0,1,0,0,1,0,1,0,1,0,1
28321,0,0,0,0,1,0,1,1,1,1,1
28322,0,0,1,0,1,0,0,0,1,0,0
28323,0,1,0,0,0,0,0,0,0,0,0
28324,1,0,0,0,0,0,0,1,0,1,1
28325,1,1,0,1,1,0,1,0,0,1,0
28326,0,0,0,0,0,0,1,1,0,0,0
28327,0,0,0,0,0,0,1,0,1,1,0
28328,1,0,1,1,1,1,0,0,1,0,1
28329,1,1,1,1,0,1,0,0,0,0,1
28330,1,1,0,0,1,1,0,1,1,0,1
28331,0,0,1,0,1,0,0,0,1,0,0
28332,1,0,1,1,1,1,0,1,1,0,0
28333,0,1,0,1,1,1,1,1,1,1,1
28334,1,1,1,0,1,0,1,0,0,1,1
28335,1,0,1,0,0,0,0,1,0,0,1
28336,0,0,1,1,0,1,1,1,0,1,0
28337,1,0,0,0,1,0,0,0,1,1,0
28338,0,0,0,0,1,0,1,0,0,0,0
28339,1,0,0,0,1,0,1,0,1,1,0
28340,0,0,1,0,1,1,0,1,1,0,0
28341,1,1,0,0,0,1,1,0,1,0,1
28342,0,0,1,0,1,0,0,1,0,0,0
28343,0,1,1,0,0,0,1,0,0,1,0
28344,0,0,1,1,0,0,1,0,0,1,1
28345,0,1,0,0,1,1,0,1,0,0,1
28346,0,0,1,1,0,1,1,1,0,1,1
28347,0,1,0,1,0,1,0,0,1,1,1
28348,1,1,0,0,0,1,0,0,1,1,1
28349,1,1,0,0,1,0,1,0,1,0,0
28350,0,1,0,1,0,1,1,0,0,1,1
28351,1,0,0,1,0,1,0,0,1,1,1
28352,0,0,1,1,1,0,0,0,1,1,0
28353,0,0,0,0,0,0,1,0,0,0,0
28354,1,0,1,0,0,0,0,1,0,1,1
28355,1,1,0,0,1,0,0,0,0,1,1
28356,0,1,1,0,0,0,0,0,0,0,0
28357,0,0,0,1,1,1,0,0,0,0,0
28358,0,0,1,1,1,1,0,0,1,0,1
28359,1,0,1,0,0,1,1,1,0,1,0
28360,0,1,1,1,0,1,0,1,1,1,1
28361,0,0,0,0,0,0,0,0,1,1,0
28362,1,0,0,1,0,1,1,1,1,0,1
28363,0,0,0,0,0,1,0,0,1,1,0
28364,1,0,1,0,0,0,0,0,0,0,1
28365,1,1,1,0,1,0,0,0,0,1,0
28366,1,0,1,1,1,1,0,0,1,0,0
28367,0,1,0,0,0,1,1,1,0,1,1
28368,0,0,1,0,0,0,0,1,1,1,0
28369,0,1,1,1,1,0,1,1,0,1,1
28370,1,1,1,1,1,0,0,1,0,0,1
28371,0,0,1,1,1,1,0,0,0,0,0
28372,1,1,0,0,1,1,0,0,0,0,0
28373,0,1,1,1,0,0,0,1,1,1,0
28374,1,1,1,1,1,0,1,1,0,1,1
28375,1,0,0,1,1,0,0,0,1,0,0
28376,1,1,1,0,1,0,1,1,1,1,1
28377,1,1,1,1,1,1,0,1,1,1,1
28378,1,0,1,1,1,1,0,0,0,1,0
28379,0,1,0,1,1,0,1,1,0,0,1
28380,1,1,1,1,0,0,0,0,0,1,0
28381,0,1,0,0,0,0,0,1,0,1,1
28382,0,1,0,0,1,0,0,0,0,0,1
28383,0,1,0,1,1,1,0,0,0,0,1
28384,1,0,1,1,0,1,0,1,1,1,0
28385,1,0,1,1,0,1,1,1,1,0,1
28386,0,1,1,1,1,1,0,1,0,0,1
28387,0,1,0,1,0,0,0,1,1,0,1
28388,1,1,0,1,0,0,1,0,1,0,0
28389,0,0,1,0,1,0,1,1,0,0,1
28390,1,1,1,1,1,0,1,1,0,0,1
28391,1,1,0,1,1,1,1,1,1,1,1
28392,0,1,1,1,0,0,1,0,1,0,0
28393,0,0,1,0,1,1,0,1,1,1,0
28394,1,0,1,1,1,0,0,1,0,1,1
28395,0,0,1,0,1,1,0,1,0,1,1
28396,1,1,0,1,0,1,1,1,0,0,1
28397,0,1,1,0,1,1,0,0,1,0,0
28398,1,0,0,0,1,1,1,0,1,0,1
28399,0,1,0,0,0,1,1,0,0,0,0
28400,0,0,1,0,1,1,1,1,0,1,0
28401,0,0,1,1,1,1,0,1,1,1,0
28402,1,1,1,0,0,1,1,1,0,0,1
28403,1,0,0,0,1,0,1,1,1,0,1
28404,0,1,1,1,1,0,0,0,0,1,0
28405,1,0,0,0,0,0,1,0,0,1,0
28406,1,0,0,0,1,1,0,0,0,1,1
28407,1,0,0,0,1,0,0,0,0,0,0
28408,1,1,0,1,0,1,0,0,0,1,1
28409,0,0,1,1,0,1,0,0,0,0,0
28410,1,1,0,0,1,0,0,0,0,1,0
28411,1,1,0,0,0,1,0,1,0,1,1
28412,1,0,0,1,1,1,1,0,1,0,1
28413,1,1,1,1,0,1,0,1,0,1,1
28414,1,0,0,1,0,1,1,1,1,0,1
28415,0,1,1,1,0,0,1,1,1,1,0
28416,0,0,0,0,0,1,0,1,0,0,1
28417,1,1,0,1,0,0,0,0,0,0,0
28418,1,1,1,1,1,0,1,0,0,0,1
28419,1,0,1,0,0,1,0,0,0,1,0
28420,1,0,1,0,1,0,0,1,0,0,1
28421,1,1,0,0,0,0,1,1,0,1,0
28422,0,1,1,0,1,1,1,1,1,1,1
28423,1,0,0,1,1,1,1,0,0,0,1
28424,0,1,1,1,0,1,0,0,0,1,1
28425,0,0,1,0,0,1,1,1,0,0,1
28426,0,0,0,1,1,0,1,0,1,0,1
28427,0,1,0,0,1,1,0,0,1,1,0
28428,1,1,1,1,1,1,0,1,0,0,1
28429,0,0,1,0,1,1,1,1,0,1,1
28430,0,0,0,1,1,1,1,1,1,1,0
28431,0,0,1,0,1,0,1,0,0,0,0
28432,1,0,1,1,1,1,0,0,1,0,0
28433,1,1,1,1,0,1,1,1,0,1,1
28434,0,0,1,1,0,1,0,0,0,0,0
28435,0,1,0,0,1,0,0,0,0,0,0
28436,1,0,0,0,1,0,0,0,0,1,1
28437,0,1,1,1,1,0,1,0,0,1,0
28438,0,0,1,0,1,0,0,0,1,0,0
28439,1,1,0,1,1,1,0,1,1,1,1
28440,1,1,0,1,1,1,1,0,0,1,1
28441,0,0,1,0,0,0,1,1,1,0,0
28442,1,1,0,0,1,0,1,1,0,1,1
28443,0,0,1,0,0,0,0,1,1,0,1
28444,1,1,0,0,1,1,0,0,0,1,1
28445,0,0,1,1,0,0,0,1,0,0,1
28446,0,0,0,1,0,0,1,1,1,0,0
28447,0,0,0,0,0,1,0,1,1,0,1
28448,1,0,0,1,1,0,1,0,1,1,1
28449,0,0,1,0,0,0,0,1,0,1,0
28450,1,0,1,1,0,0,1,1,0,1,1
28451,1,0,1,0,0,0,0,1,1,1,0
28452,1,0,0,1,1,0,1,0,0,0,1
28453,0,1,1,1,0,1,0,0,0,1,0
28454,0,0,0,1,0,1,1,1,1,0,0
28455,0,1,1,1,0,0,1,1,1,0,1
28456,0,0,1,1,1,0,1,0,1,1,0
28457,0,0,1,1,0,0,1,0,1,1,0
28458,0,1,1,0,1,1,0,1,0,1,1
28459,0,0,1,1,1,0,1,0,1,1,0
28460,1,1,1,0,1,0,0,0,1,1,0
28461,1,0,1,0,1,1,1,0,0,1,0
28462,0,1,0,0,1,1,1,1,1,0,1
28463,1,0,0,1,0,0,0,0,0,0,1
28464,0,1,0,0,0,0,1,0,1,1,0
28465,1,1,0,1,1,0,1,0,1,1,1
28466,1,1,0,1,0,1,1,0,1,0,1
28467,0,1,0,0,0,0,1,0,1,0,0
28468,0,0,0,1,0,0,0,1,0,1,0
28469,1,1,0,1,1,1,0,0,0,0,0
28470,1,0,1,0,1,0,0,0,1,0,0
28471,1,1,0,0,0,0,1,1,1,1,1
28472,0,1,0,0,1,0,1,1,0,0,0
28473,1,1,0,1,1,0,0,1,1,0,0
28474,0,1,1,1,0,1,1,0,1,0,1
28475,1,1,1,0,0,0,1,1,0,0,1
28476,0,1,0,1,1,1,0,0,1,0,1
28477,1,1,1,0,0,0,1,0,1,1,1
28478,1,1,1,0,0,1,0,0,0,0,1
28479,0,0,0,1,0,0,0,1,0,1,0
28480,0,0,0,1,0,1,1,1,1,1,1
28481,0,1,0,0,0,0,0,1,1,0,1
28482,1,0,1,1,1,0,1,1,0,1,1
28483,1,1,0,1,1,0,1,1,0,0,1
28484,1,1,1,1,0,0,1,0,0,0,0
28485,1,1,0,1,0,1,1,0,0,0,1
28486,1,0,1,0,0,1,1,1,0,0,1
28487,1,0,0,0,1,0,0,1,1,1,0
28488,1,1,1,0,1,1,0,0,0,0,1
28489,1,0,0,0,0,0,0,1,0,1,1
28490,1,1,0,1,0,1,0,0,1,1,1
28491,0,0,0,1,0,1,1,0,0,0,0
28492,0,0,1,0,0,1,1,0,0,0,1
28493,0,0,1,1,1,1,1,1,0,0,1
28494,1,1,0,0,1,0,1,1,0,0,1
28495,1,1,0,0,0,1,0,1,0,1,1
28496,1,1,1,0,0,0,1,1,1,1,1
28497,1,1,1,0,0,1,0,1,0,1,1
28498,1,0,1,0,1,0,0,0,0,1,0
28499,0,0,0,1,1,0,1,0,1,1,0
28500,0,1,1,0,0,1,1,1,1,0,1
28501,0,0,0,0,1,0,1,1,1,0,1
28502,0,0,0,0,0,1,1,1,1,1,0
28503,0,1,1,1,0,0,0,0,0,1,0
28504,1,0,1,1,1,1,0,0,1,1,1
28505,1,0,0,0,1,1,1,1,0,1,1
28506,0,1,0,0,0,1,0,1,0,0,1
28507,0,0,0,0,1,0,0,0,0,1,0
28508,1,0,0,1,1,0,1,1,0,0,0
28509,0,1,0,0,0,1,0,0,1,0,1
28510,1,0,1,0,1,1,0,0,0,1,0
28511,1,1,1,1,1,1,0,0,0,0,1
28512,0,0,0,0,0,0,0,1,0,1,0
28513,1,1,1,1,1,1,0,0,1,1,0
28514,1,1,0,0,0,0,1,1,1,1,1
28515,0,0,0,0,0,0,1,1,1,1,1
28516,0,1,0,0,1,1,1,0,1,1,0
28517,0,1,0,1,1,1,0,1,1,1,0
28518,1,1,0,1,0,0,1,1,0,1,1
28519,1,1,0,0,1,0,0,0,1,0,1
28520,0,0,1,1,1,1,0,1,1,0,0
28521,0,0,0,0,1,0,0,1,0,1,0
28522,1,1,0,0,0,0,0,1,1,1,1
28523,0,1,0,1,0,1,1,1,1,0,1
28524,1,1,0,1,0,1,1,1,0,0,1
28525,1,0,1,1,0,1,0,1,1,0,1
28526,1,0,1,0,1,1,0,0,0,1,0
28527,0,1,1,0,1,1,0,0,1,0,1
28528,0,0,1,0,1,1,1,1,1,1,0
28529,0,1,1,0,1,1,0,1,1,0,0
28530,1,1,0,1,1,0,1,0,0,1,1
28531,0,1,1,0,1,0,1,0,1,0,0
28532,0,0,0,1,0,0,1,1,1,0,1
28533,0,0,1,1,1,0,1,0,0,0,0
28534,1,1,0,1,1,0,0,1,0,1,1
28535,1,1,0,1,0,1,1,1,0,1,1
28536,1,0,1,1,0,0,0,0,1,0,0
28537,0,0,0,1,0,1,0,0,0,0,0
28538,1,0,0,0,1,0,0,0,0,0,1
28539,0,0,1,1,1,0,0,0,1,0,0
28540,0,0,1,1,0,1,1,0,0,0,0
28541,0,1,0,0,0,1,0,1,0,0,1
28542,1,1,0,0,1,1,0,0,1,0,0
28543,1,1,0,0,0,0,0,1,0,1,1
28544,0,0,1,1,1,0,1,1,1,0,0
28545,0,0,1,1,0,1,0,0,0,0,1
28546,1,0,0,0,0,1,0,1,1,0,1
28547,0,0,1,1,1,1,0,0,1,1,0
28548,0,0,0,1,1,1,1,1,1,0,1
28549,1,1,1,1,0,0,0,1,0,0,0
28550,1,1,1,0,1,1,0,1,0,1,1
28551,1,0,1,0,1,1,1,0,1,0,1
28552,0,1,1,1,1,0,1,0,0,0,1
28553,1,0,1,0,1,0,1,0,1,1,0
28554,0,1,1,0,1,0,1,0,0,0,0
28555,1,0,1,1,0,0,0,0,1,1,0
28556,0,0,0,0,1,1,1,0,0,0,1
28557,1,0,0,1,1,1,1,0,1,1,1
28558,0,0,0,1,1,1,0,0,0,0,1
28559,1,0,1,0,1,1,0,0,0,1,0
28560,0,0,0,1,0,1,1,1,0,0,1
28561,0,0,0,0,1,1,0,0,0,1,0
28562,1,0,1,1,0,0,0,0,1,0,0
28563,1,1,0,0,1,0,1,1,1,1,0
28564,0,1,1,0,1,1,0,0,1,1,1
28565,0,0,1,1,1,0,0,0,0,1,0
28566,1,0,1,0,1,0,1,1,0,1,1
28567,1,1,1,0,1,1,1,0,0,1,1
28568,1,1,0,1,0,1,1,0,0,1,1
28569,1,0,1,1,1,0,1,1,1,1,0
28570,0,0,1,0,0,0,0,1,1,1,0
28571,1,1,1,1,1,1,0,0,1,1,0
28572,1,1,1,0,1,1,1,0,0,1,1
28573,1,0,1,1,1,0,0,0,1,0,0
28574,1,1,0,1,1,0,0,0,1,0,0
28575,1,0,1,1,1,1,0,0,1,0,1
28576,0,0,0,1,0,1,0,0,1,0,1
28577,0,0,1,0,0,0,1,0,0,0,0
28578,0,0,1,1,0,1,0,0,0,0,0
28579,0,1,0,1,0,0,1,0,1,1,0
28580,1,0,1,0,1,0,0,0,0,1,1
28581,0,1,0,0,0,1,0,0,1,1,1
28582,1,1,0,0,1,1,0,1,0,0,1
28583,1,1,0,0,0,1,1,1,1,0,1
28584,1,0,1,0,0,1,0,1,0,1,0
28585,1,0,0,0,1,1,0,1,0,1,0
28586,1,0,0,1,1,1,1,0,0,1,0
28587,1,0,0,1,0,0,0,1,1,1,1
28588,0,1,0,0,0,1,1,0,1,1,1
28589,1,0,1,1,1,0,0,0,0,0,0
28590,0,0,0,1,0,1,0,0,1,0,0
28591,1,1,1,0,0,1,0,1,1,1,1
28592,0,1,1,1,0,1,0,1,1,1,0
28593,0,1,1,1,0,1,0,0,0,0,0
28594,1,0,1,1,0,1,0,0,1,1,0
28595,1,1,1,0,1,0,1,0,1,0,1
28596,0,1,1,0,0,0,1,1,0,0,1
28597,0,0,0,0,0,0,1,0,1,0,0
28598,0,0,1,0,1,1,0,0,1,0,0
28599,0,0,0,1,0,0,0,1,1,1,0
28600,0,1,0,1,1,1,1,1,0,0,1
28601,0,0,0,1,1,0,1,0,0,1,0
28602,0,0,0,1,0,0,0,1,1,1,0
28603,1,0,1,0,0,1,0,1,1,0,1
28604,0,1,1,0,0,0,1,0,0,1,1
28605,1,0,1,0,0,0,0,0,0,0,0
28606,0,0,0,0,0,0,0,0,1,0,0
28607,0,1,1,0,1,1,0,1,1,1,0
28608,0,0,0,0,1,1,1,1,0,1,1
28609,0,1,0,0,0,0,0,1,1,0,1
28610,1,1,0,1,0,1,1,1,0,0,1
28611,1,0,1,1,1,0,1,1,0,0,1
28612,0,1,1,1,0,0,0,0,1,0,0
28613,1,0,0,1,0,1,0,1,1,1,0
28614,1,0,0,1,0,0,0,1,0,1,0
28615,0,0,0,1,1,1,0,0,0,1,0
28616,1,1,0,0,0,0,1,0,1,1,0
28617,0,1,0,1,0,1,1,0,0,0,0
28618,0,1,0,1,0,0,1,1,0,0,0
28619,0,0,0,1,1,1,1,0,1,1,0
28620,1,0,0,1,0,0,0,1,1,0,1
28621,0,0,1,1,1,1,1,0,1,0,0
28622,1,0,1,1,0,1,1,1,1,1,0
28623,1,1,0,0,1,0,1,0,1,0,1
28624,0,0,1,0,0,1,0,0,1,1,1
28625,0,1,1,1,1,0,1,1,0,1,1
28626,1,0,0,0,1,1,0,1,0,0,0
28627,0,1,1,0,1,1,0,1,1,0,1
28628,0,0,0,0,1,1,1,1,1,1,1
28629,1,0,0,1,0,0,0,1,1,0,0
28630,0,0,1,0,1,1,0,0,0,0,0
28631,0,0,0,0,0,0,0,0,0,0,0
28632,0,1,1,0,1,0,0,0,0,0,1
28633,1,0,0,0,1,0,0,0,0,1,1
28634,1,0,1,0,0,0,0,1,1,1,1
28635,0,1,0,0,0,1,0,0,1,0,1
28636,1,1,1,0,1,1,1,1,1,1,1
28637,1,1,0,0,0,0,1,0,0,1,1
28638,0,1,0,0,1,0,1,0,0,0,1
28639,0,0,1,0,1,1,1,0,0,1,0
28640,1,1,1,1,0,0,0,1,1,1,1
28641,0,0,0,0,0,0,1,1,1,1,0
28642,1,1,0,1,0,1,0,1,1,1,1
28643,0,0,1,0,1,0,0,0,0,0,0
28644,1,1,1,1,1,1,0,1,0,1,1
28645,0,1,1,0,1,1,1,0,0,0,1
28646,1,0,1,1,1,1,0,0,1,1,1
28647,1,1,0,1,1,1,1,0,0,0,1
28648,0,0,0,0,0,1,1,0,1,0,0
28649,1,1,0,0,0,0,0,0,1,1,0
28650,1,0,1,0,0,0,0,0,1,1,0
28651,1,0,1,1,1,0,0,0,1,1,0
28652,1,0,1,0,0,1,1,0,1,0,1
28653,1,1,1,0,1,0,0,0,1,1,0
28654,0,0,0,0,0,0,0,0,1,1,0
28655,0,1,0,0,1,0,0,1,0,1,1
28656,1,0,0,1,1,1,0,1,1,1,1
28657,0,1,1,0,0,0,1,0,1,0,1
28658,0,1,0,1,0,0,1,0,0,1,1
28659,1,0,0,0,1,1,1,0,1,1,0
28660,1,0,0,1,0,0,1,0,0,1,1
28661,1,0,1,0,0,0,1,0,1,0,1
28662,1,1,1,0,1,1,0,1,1,1,1
28663,0,0,1,1,0,0,1,1,1,1,0
28664,0,0,1,1,0,0,1,1,1,1,0
28665,1,0,1,1,0,0,0,0,1,1,0
28666,0,1,0,1,0,0,1,0,0,1,0
28667,1,1,0,1,0,0,1,1,1,0,1
28668,1,1,1,1,0,0,1,0,1,0,0
28669,1,0,1,0,1,0,1,1,0,0,1
28670,1,0,0,0,0,0,1,1,0,0,1
28671,1,1,1,1,1,0,0,0,0,1,0
28672,1,0,0,1,1,1,1,1,1,0,1
